username,contrib,base,mod,org,tip_bonus,voter
kirtash93,73212.3,37718,0,0,32008,3486.3
pythonskynet,72256.8,36086,0,0,32730,3440.8
yester_philippines,42800,25234,0,0,17566,0
Buzzalu,54631.5,24530,0,0,27500,2601.5
Electrical_Tension,39957.75,23874,0,0,14181,1902.75
rootpl,41085.45,23294,0,0,15835,1956.45
Every_Hunt_160,45478.65,22640,0,0,20673,2165.65
Sharp-Subject-047,39275.25,20879,0,0,16526,1870.25
illbeback_69,29858.85,16585,0,0,11852,1421.85
reddito321,53193.3500000000007,16052,10625.0,8333.333333333334,15650,2533.0166666666667
Lokiee0077,36443.4,14942,0,0,19766,1735.4
Prog132487,26184,13905,0,0,12279,0
aminok,34623.0,13653,10625.0,0,10345,0
Downtown_Yam9137,13345,11531,0,0,1814,0
FattestLion,13729.8,10786,0,0,2290,653.8
MonitorFlat229,11623,10715,0,0,908,0
actuatorsif5,22455.3,9801,0,0,11585,1069.3
Friendly-Airline2426,18426.45,8942,0,0,8607,877.45
Bringerofsalvation,8694,8694,0,0,0,0
Sky-876,15759.45,8654,0,0,6355,750.45
MrPuma86,9526,8381,0,0,1145,0
raresanevoice,9800.7,8367,0,0,967,466.7
rare1994,16703.4,8361,0,0,7547,795.4
Lillica_Golden_SHIB,13937.7,6808,0,0,6466,663.7
BlueMugg,6649,6649,0,0,0,0
DBRiMatt,8350.65,6609,0,0,1344,397.65
Fredzoor,14995.05,6447,0,0,7834,714.05
TheNano100,31386.6,6429,0,0,23463,1494.6
Honey_-_Badger,11064,6012,0,0,5052,0
boiboi3434,10259.55,5980,0,0,3791,488.55
OldDomainer,8382,5957,0,0,2425,0
KompolNakBroMek,12031.95,5444,0,0,6015,572.95
tambaybtc,17394.3,5410,0,0,11156,828.3
Easy-Soup140,9918.3,5373,0,0,4073,472.3
ASingleGuitarString,9251,5262,0,0,3989,0
HarryDotter420,12944.4,5230,0,0,7098,616.4
dead-spiral,9731.4,5119,0,0,4149,463.4
Elon_mkus,11690.7,5081,0,0,6053,556.7
rikbona,6175.05,4604,0,0,1277,294.05
mattg1981,39550.7000000000007,4531,10625.0,8333.333333333334,14178,1883.3666666666667
TheOneWhoCared,5730,4450,0,0,1280,0
bvandepol,6834.45,4392,0,0,2117,325.45
goldyluckinblokchain,6712,4211,0,0,2501,0
garysei124,6922.65,4124,0,0,2469,329.65
Albinonite,4330.2,4124,0,0,0,206.2
F-machine,3943,3943,0,0,0,0
S-U_2,3630,3630,0,0,0,0
KIG45,3567,3567,0,0,0,0
PublicSleeper,3874,3567,0,0,307,0
Creative_Ad7831,3220,3220,0,0,0,0
dont_agree_with_me,6793.5,3019,0,0,3451,323.5
Nabzzzzz00,5217,3016,0,0,2201,0
InsaneMcFries,4110.75,2986,0,0,929,195.75
Defiant-Appearance98,3066,2937,0,0,129,0
AltruisticPops,2753,2753,0,0,0,0
SarcasticSamurai619,6680,2663,0,0,4017,0
Gubbie99,7817.25,2569,0,0,4876,372.25
ellileon,2562,2562,0,0,0,0
Defiboy,5606,2551,0,0,3055,0
cajunrajing,2410,2410,0,0,0,0
mochi_ball223,2189,2189,0,0,0,0
Ben_Pars,11119.5,2181,0,0,8409,529.5
DIYrself,2281.65,2173,0,0,0,108.65
Huelino,2160,2160,0,0,0,0
cryotosensei,2074,2074,0,0,0,0
telejoshi,2570.4,2010,0,0,438,122.4
Odd-Radio-8500,2000,2000,0,0,0,0
Pibo1987,2398,1927,0,0,471,0
crayontastegood,2632,1843,0,0,789,0
GreekGod0007,3648,1819,0,0,1829,0
teeceaustralia,2535,1811,0,0,724,0
pizzapicnic,3938,1796,0,0,2142,0
SuperNoise5209,1873.2,1784,0,0,0,89.2
Consistent-Revenue61,3095,1746,0,0,1349,0
CreepToeCurrentSea,2905,1725,0,0,1180,0
Gorbachev_,2286.9,1724,0,0,454,108.9
legionticket,1698,1698,0,0,0,0
timbulance,1771.35,1687,0,0,0,84.35
ReitHodlr,5202.75,1646,0,0,3309,247.75
MasterpieceLoud4931,1606,1606,0,0,0,0
partymsl,1504,1504,0,0,0,0
LegendRXL,1413,1413,0,0,0,0
economist_kinda,2543,1372,0,0,1171,0
wen_eip,1366,1366,0,0,0,0
SlowpokesEmporium,1358,1358,0,0,0,0
NSFWCryptoPosting,1661.1,1318,0,0,264,79.1
lordciders,3955.35,1281,0,0,2486,188.35
PoojaaPriyaa,1238,1238,0,0,0,0
raymv1987,1901,1211,0,0,690,0
EthTraderCommunity,1209,1209,0,0,0,0
Modern_Orange,1207,1207,0,0,0,0
Sunryzen,4101,1187,0,0,2914,0
ShadowKnight324,1588.65,1168,0,0,345,75.65
Xylon818,1839,1165,0,0,674,0
Wrong-Spirit-391,2224,1163,0,0,1061,0
MantisToboggan66,1157,1157,0,0,0,0
GreedVault,1099,1099,0,0,0,0
Goonzoo,973.35,927,0,0,0,46.35
PirateSKB,1195.95,914,0,0,225,56.95
Livareness9947,909,909,0,0,0,0
NaturephilicReaction,882,882,0,0,0,0
Visible-Ad743,2410.8,879,0,0,1417,114.8
Revolutionary_Mix941,870,870,0,0,0,0
Ben_Dover1234,2321.55,855,0,0,1356,110.55
whodontloveboobs,1031,828,0,0,203,0
maskedbrush,817,817,0,0,0,0
lucashcy_97,926.1,815,0,0,67,44.1
Josefumi12,781,781,0,0,0,0
DrengDrengesen,768,768,0,0,0,0
WineMakerBg,765,765,0,0,0,0
jamesrosshill,711,711,0,0,0,0
carlslarson,21336.3500000000007,706,10625.0,8333.333333333334,656,1016.0166666666667
Lordofthewhales,731.85,697,0,0,0,34.85
Fritz1818,4843,694,0,0,4149,0
verysillyman,684,684,0,0,0,0
SigiNwanne,682,682,0,0,0,0
ablablababla,679,679,0,0,0,0
CrispyDonutBot,656,656,0,0,0,0
emyfsh201,653,653,0,0,0,0
Malixshak,844,642,0,0,202,0
coinfeeds-bot,635,635,0,0,0,0
doctorwho_cares,794.85,622,0,0,135,37.85
vmguld,801,598,0,0,203,0
Eth_Man,1798.65,589,0,0,1124,85.65
No-Elephant-Dies,585,585,0,0,0,0
Abdeliq,580,580,0,0,0,0
Mundane-Farm-4117,577,577,0,0,0,0
SeatedDruid,554,554,0,0,0,0
eonesimoszsss,1008,551,0,0,457,0
shoaib_ahmed_007,541,541,0,0,0,0
good2youall,3990,541,0,0,3259,190
83nno,816,538,0,0,278,0
Budget_Muffin7766,530,530,0,0,0,0
Mrkay07,528,528,0,0,0,0
Brave-Hospital3807,473,473,0,0,0,0
amazonboahancock,470,470,0,0,0,0
Alfnixpy,467,467,0,0,0,0
tahiraslam8k,962.85,467,0,0,450,45.85
transfermymoons,458,458,0,0,0,0
DrDynamicyt,444,444,0,0,0,0
milonuttigrain,441,441,0,0,0,0
Soil_Electronic,431,431,0,0,0,0
Super_Iron6408,426,426,0,0,0,0
samer109,415,415,0,0,0,0
falk_lhoste,433.65,413,0,0,0,20.65
eat-sleep-rave,1303,408,0,0,895,0
Jake123194,11863.95,405,10625.0,0,269,564.95
FranzJosephBalle,982.8,397,0,0,539,46.8
Atorcran,449,388,0,0,61,0
SoulUrgeDestiny,583,381,0,0,202,0
RealLeoPat,809.55,376,0,0,395,38.55
JoNwOrDy,371,371,0,0,0,0
n1ghsthade,353,353,0,0,0,0
mvp_investor,699,350,0,0,349,0
Legitimate_Cattle254,345,345,0,0,0,0
DrRobbe,359.1,342,0,0,0,17.1
The_Rise_Of_Kyoshi,345.45,329,0,0,0,16.45
Guldrion,1686.3,326,0,0,1280,80.3
FlashyAd8082,311,311,0,0,0,0
ChillCoyote,308,308,0,0,0,0
DAMG808,300,300,0,0,0,0
cryptopunk661,1490,299,0,0,1191,0
SwingContent6806,1537,291,0,0,1246,0
Icy-Profile-1655,5741.4,282,0,0,5186,273.4
bkcrypt0,296.1,282,0,0,0,14.1
DeliveryWilling1396,277,277,0,0,0,0
Tribalboi69,287.7,274,0,0,0,13.7
Odlavso,494,264,0,0,230,0
FreekTheDog,261,261,0,0,0,0
Shot-Environment2862,256,256,0,0,0,0
MrGodzilla166,250,250,0,0,0,0
Kindly-Wolf6919,1299.9,249,0,0,989,61.9
Independent_Ear9101,245,245,0,0,0,0
Yellowflash274,245,245,0,0,0,0
RaulCapablanca,243,243,0,0,0,0
ToshiSat,240,240,0,0,0,0
flavoredbeef,238,238,0,0,0,0
Fumbles1231,246.75,235,0,0,0,11.75
Fiddlers-list,2199.75,231,0,0,1864,104.75
coinsRus-2021,227,227,0,0,0,0
forceworks,217,217,0,0,0,0
redditisalt,217,217,0,0,0,0
Icy-Order-3200,209,209,0,0,0,0
InevitableFixabl,206,206,0,0,0,0
roadbowler,206,206,0,0,0,0
C-Dawg420,198,198,0,0,0,0
inevitable_username,196,196,0,0,0,0
Affectionate_Hand_76,196,196,0,0,0,0
Allions1,583,187,0,0,396,0
wmredditor,561,187,0,0,374,0
MrPuffer23,183,183,0,0,0,0
buttcoin_lol,170,170,0,0,0,0
badboybilly42582,162,162,0,0,0,0
UFONomura808,162,162,0,0,0,0
Big-Refrigerator-379,159,159,0,0,0,0
Abysskitten,417,157,0,0,260,0
MotherSystem749,158.55,151,0,0,0,7.55
toogoodtgp,422,150,0,0,272,0
mZoleee,138,138,0,0,0,0
anotheralien22,203,136,0,0,67,0
Planktons_Eye,133,133,0,0,0,0
dopeboi1994,133,133,0,0,0,0
trustnodes,403,125,0,0,278,0
RUBEN4iK,129.15,123,0,0,0,6.15
Vivarevo,120,120,0,0,0,0
deltav8,118,118,0,0,0,0
sophos101,118,118,0,0,0,0
Mrramirez44,115,115,0,0,0,0
foreignGER,314,112,0,0,202,0
middlemangv,110,110,0,0,0,0
Illustro_Nocturnal,110,110,0,0,0,0
ced-uca,110,110,0,0,0,0
feric89,667,109,0,0,558,0
LightninHooker,107.1,102,0,0,0,5.1
ripple_mcgee,99,99,0,0,0,0
nakamo-toe,99,99,0,0,0,0
Daddio_87,99,99,0,0,0,0
Mysterymanashu,97,97,0,0,0,0
MichaelAischmann,94,94,0,0,0,0
Marauder2,98.7,94,0,0,0,4.7
topcontender,262,94,0,0,168,0
Silver_Wishbone_6368,94,94,0,0,0,0
na3than,94,94,0,0,0,0
deluded_soul,98.7,94,0,0,0,4.7
Dapper-Horror3112,309,91,0,0,218,0
erizi0n,89,89,0,0,0,0
Carretje,232.05,86,0,0,135,11.05
Gh0sta,86,86,0,0,0,0
Goldbaerig,86,86,0,0,0,0
changhuanese,86,86,0,0,0,0
IlIlllIIllllIIlI,84,84,0,0,0,0
towjamb,84,84,0,0,0,0
RealCFour,81,81,0,0,0,0
GulibleFox,81,81,0,0,0,0
Professional-Monk811,81,81,0,0,0,0
allstater2007,78,78,0,0,0,0
Simple_Mastodon9220,78,78,0,0,0,0
TheyAskWho,76.65,73,0,0,0,3.65
CM19901,73,73,0,0,0,0
timeforchorin,73,73,0,0,0,0
Littlebig4667,76.65,73,0,0,0,3.65
Realistic_Wrap_9767,71,71,0,0,0,0
letsridetheworld,2207,70,0,0,2137,0
mbdtf95,68,68,0,0,0,0
manchesterthedog,65,65,0,0,0,0
CoolCoolPapaOldSkool,65,65,0,0,0,0
Desperate_Channel_62,65,65,0,0,0,0
Cryptomaxie,65,65,0,0,0,0
002_timmy,63,63,0,0,0,0
barefoot_au,60,60,0,0,0,0
bangand0,526,60,0,0,466,0
Asleep_Fact_2549,60,60,0,0,0,0
Arafel_Electronics,63,60,0,0,0,3
Giga79,60,60,0,0,0,0
chuloreddit,57,57,0,0,0,0
compressionwaves,59.85,57,0,0,0,2.85
Crypto-4-Freedom,192,57,0,0,135,0
Ok-Dare-621,192,57,0,0,135,0
Indianfanss,55,55,0,0,0,0
MarquisDeLaCrap,55,55,0,0,0,0
Medfried,55,55,0,0,0,0
Snowie_drop,52,52,0,0,0,0
sadsissyphus,52,52,0,0,0,0
cassiopeiamedusa,50,50,0,0,0,0
EveliaAvila,50,50,0,0,0,0
Fun-Literature4569,47,47,0,0,0,0
GlumDreamer,47,47,0,0,0,0
BissuDeppert,47,47,0,0,0,0
olihowells,44,44,0,0,0,0
dont_forget_canada,10669.0,44,10625.0,0,0,0
Shinryukens,44,44,0,0,0,0
noweezernoworld,44,44,0,0,0,0
TripleReward,44,44,0,0,0,0
Aakarsh_K,44,44,0,0,0,0
lookwhatumademedoo,42,42,0,0,0,0
lostharbor,42,42,0,0,0,0
noob_zarathustra,42,42,0,0,0,0
Exciting-Ad1011,42,42,0,0,0,0
terp_studios,39,39,0,0,0,0
DrestinBlack,39,39,0,0,0,0
Ok_Election7896,111.3,39,0,0,67,5.3
Slippytoe,37,37,0,0,0,0
beerdrinker_mavech,37,37,0,0,0,0
kalle_sol,37,37,0,0,0,0
JGCheema,37,37,0,0,0,0
testitestman,34,34,0,0,0,0
peppers_,34,34,0,0,0,0
Pxtxr,884.1,34,0,0,808,42.1
Dieselpump510,31,31,0,0,0,0
Top_Performance_732,32.55,31,0,0,0,1.55
Correct-Style-9194,31,31,0,0,0,0
0815erMG,31,31,0,0,0,0
Intelligent_Page2732,29,29,0,0,0,0
porkbuffet,29,29,0,0,0,0
Maxx3141,29,29,0,0,0,0
TortenKonsorten,29,29,0,0,0,0
ACE415_,29,29,0,0,0,0
Pilsner_all_day_long,26,26,0,0,0,0
suspensor64,26,26,0,0,0,0
spartikle,26,26,0,0,0,0
ToothlessPeter,26,26,0,0,0,0
Security_Raven,27.3,26,0,0,0,1.3
clean_cut89,26,26,0,0,0,0
BlockChad,26,26,0,0,0,0
picklemonkey,24,24,0,0,0,0
CWB2208,24,24,0,0,0,0
SqrHornet,24,24,0,0,0,0
Cyrus-114,24,24,0,0,0,0
Upvote_Me_Slag,24,24,0,0,0,0
redditaccount300000,24,24,0,0,0,0
ExplanationLittle,24,24,0,0,0,0
This_Red_Apple,24,24,0,0,0,0
Alanski22,21,21,0,0,0,0
Jackieknows,21,21,0,0,0,0
Nyarlatotep781,21,21,0,0,0,0
wato4000,21,21,0,0,0,0
geniusboy91,18,18,0,0,0,0
Dull-Wear-3286,18,18,0,0,0,0
SwissPlebs,18,18,0,0,0,0
DarkestTimelineJeff,18,18,0,0,0,0
Practical-Store9603,18,18,0,0,0,0
maharajgss,18,18,0,0,0,0
steamyp,18,18,0,0,0,0
BuuWrath,18,18,0,0,0,0
fulento42,18,18,0,0,0,0
HolyQuackamoli,16,16,0,0,0,0
KimNeiAssnKluusMiet,16,16,0,0,0,0
leotardodicabrio,16,16,0,0,0,0
abeecrombie,16,16,0,0,0,0
PumpkinSpice2Nice,16,16,0,0,0,0
htapoicos_latot,16,16,0,0,0,0
Nikolai_Volkoff88,16,16,0,0,0,0
Positive-Gazelle2603,16,16,0,0,0,0
ghochumal,16,16,0,0,0,0
Durvag,16,16,0,0,0,0
OsChMoScH,16,16,0,0,0,0
ChemicalAnybody6229,16,16,0,0,0,0
ChampionshipLow8541,16,16,0,0,0,0
T2LV,16,16,0,0,0,0
pithilyStock,13,13,0,0,0,0
tetra417,13,13,0,0,0,0
spacsandspacs,13.65,13,0,0,0,0.65
Kraehenhuette,13,13,0,0,0,0
leviathynx,13,13,0,0,0,0
purzeldiplumms,13,13,0,0,0,0
SignificantProduce48,13,13,0,0,0,0
Most_Being_4002,13,13,0,0,0,0
NoProfessional232,13,13,0,0,0,0
Xeritos,13,13,0,0,0,0
R_Boa,13,13,0,0,0,0
Samir2298,215,13,0,0,202,0
Well_thatwas_random,13,13,0,0,0,0
Roy1984,13,13,0,0,0,0
OctoBitcoin,10,10,0,0,0,0
twicrates,10,10,0,0,0,0
mrjune2040,10,10,0,0,0,0
hwaite,10,10,0,0,0,0
Negative-Structure51,10,10,0,0,0,0
nobelcause,10,10,0,0,0,0
CacahuateCR,10,10,0,0,0,0
rundown03,10,10,0,0,0,0
CageMyElephant,10,10,0,0,0,0
TwoCapybarasInACoat,10,10,0,0,0,0
rafakata,10,10,0,0,0,0
aastha55,10,10,0,0,0,0
evil_betty_,10,10,0,0,0,0
Soaring_Eagle590,8.4,8,0,0,0,0.4
dericecourcy,8,8,0,0,0,0
Stalslagga,8,8,0,0,0,0
chillinewman,8,8,0,0,0,0
na7oul,8,8,0,0,0,0
EveryDayDoggo,8,8,0,0,0,0
CaregiverStandard427,8,8,0,0,0,0
torontoglutton,8,8,0,0,0,0
Snoo_92843,8,8,0,0,0,0
FilthyPete0815,8,8,0,0,0,0
deedopete,8,8,0,0,0,0
deckartcain,8,8,0,0,0,0
ch00nz,8,8,0,0,0,0
InevitableComplex895,8.4,8,0,0,0,0.4
stupidcupid112,8,8,0,0,0,0
Mysterious_massage,8.4,8,0,0,0,0.4
mimsoo777,8,8,0,0,0,0
tiger1647,8,8,0,0,0,0
420weedscopes,8,8,0,0,0,0
KunibertQuack,8,8,0,0,0,0
JoeYo743,8,8,0,0,0,0
Cyber-Cafe,8,8,0,0,0,0
wartywarth0g,8,8,0,0,0,0
JVHooligan,8,8,0,0,0,0
fifaLaRevolucion,8,8,0,0,0,0
billyromaine,8,8,0,0,0,0
kaprrisch,8,8,0,0,0,0
jersey-city-park,8,8,0,0,0,0
Mtballer09,8,8,0,0,0,0
breathe345,8,8,0,0,0,0
UnknownEssence,8,8,0,0,0,0
dodospaaanu,8,8,0,0,0,0
djlaqua91,8,8,0,0,0,0
ChunkyFunkyGoodness,5,5,0,0,0,0
fairysquirt,5,5,0,0,0,0
Yoldark,5,5,0,0,0,0
Styl_Ianos_,5,5,0,0,0,0
forstyy,5,5,0,0,0,0
h14n2,5,5,0,0,0,0
hellosamaira,5,5,0,0,0,0
Repulsive-Minimum-20,5,5,0,0,0,0
lordofming-rises,5,5,0,0,0,0
lunahighwind,5,5,0,0,0,0
m00nk3y,5,5,0,0,0,0
xMrDeex,5,5,0,0,0,0
ominous_anenome,5,5,0,0,0,0
Sendmedoge,5,5,0,0,0,0
Jenn2895,5,5,0,0,0,0
ElCorbusier,5,5,0,0,0,0
strongkhal,5,5,0,0,0,0
HadynGabriel,5,5,0,0,0,0
chipxsimon,5,5,0,0,0,0
JAlbert653,5,5,0,0,0,0
bigstew6,28,5,0,0,23,0
GapingFartLocker,5,5,0,0,0,0
FirstBlastThenAsk,5,5,0,0,0,0
TrashJonny,5,5,0,0,0,0
Embarrassed_Chef_393,5,5,0,0,0,0
J-96788-EU,5,5,0,0,0,0
DrXaos,5,5,0,0,0,0
No_Engineering18881,5,5,0,0,0,0
krimmelnnd,3,3,0,0,0,0
justcamefromcaves,3,3,0,0,0,0
Basoosh,10695.0,3,10625.0,0,67,0
mellon98,3,3,0,0,0,0
spaceleafxyz,3,3,0,0,0,0
royalewcheeze,3,3,0,0,0,0
Xenc,3,3,0,0,0,0
kishorexk,3,3,0,0,0,0
markhealey,3,3,0,0,0,0
knightnemo8,3,3,0,0,0,0
specific_tumbleweed,3,3,0,0,0,0
ALiteralHamSandwich,3,3,0,0,0,0
squiblib,3,3,0,0,0,0
Aguaskeepartdeux,3,3,0,0,0,0
MrMogz,3,3,0,0,0,0
ateeqanwer,3,3,0,0,0,0
Savi321,3,3,0,0,0,0
BenadrylTumblercatch,3,3,0,0,0,0
angyts,3,3,0,0,0,0
mintycrypto,3,3,0,0,0,0
Actual_Salary_3440,3,3,0,0,0,0
Mettez,3,3,0,0,0,0
split41,3,3,0,0,0,0
Designer_Restaurant1,3,3,0,0,0,0
DLHEBT,3,3,0,0,0,0
Berodur,3,3,0,0,0,0
Tomatomancoming,3,3,0,0,0,0
ObductMePlease,3,3,0,0,0,0
Nutcase420,3,3,0,0,0,0
dtol2020,572,3,0,0,569,0
tobetobii,3,3,0,0,0,0
sidmehra1992,3,3,0,0,0,0
dont_hate_scienceguy,3,3,0,0,0,0
Parush9,3,3,0,0,0,0
ECore,3,3,0,0,0,0
CanonF1_2,3,3,0,0,0,0
PsieSyrenki,3,3,0,0,0,0
CarsasmNycism,3,3,0,0,0,0
Film54,3,3,0,0,0,0
cryoK,3,3,0,0,0,0
BigDeezerrr,3,3,0,0,0,0
C1t1zen_Erased,3,3,0,0,0,0
sufkas,3,3,0,0,0,0
salty-bois,3,3,0,0,0,0
alittlesomethingno,0,-36,0,0,0,0
SharkOwO,0,-37,0,0,0,0
cryptbunks,517,-56,0,0,573,0
hquer,0,-63,0,0,0,0
thecryptos,985,-63,0,0,1048,0
pc1e0,65,-70,0,0,135,0
Wrench555,144,-125,0,0,269,0
Smokyish,0,-125,0,0,0,0
JETTTZOR,553,-156,0,0,709,0
stedgyson,274,-172,0,0,446,0
ethereum88,1144.5,-180,0,0,1270,54.5
Clash_onthe_Can,0,-188,0,0,95,0
Laterxgater,395,-188,0,0,583,0
YourB0ss,0,-213,0,0,0,0
bzzking,771.75,-218,0,0,953,36.75
g0rnex,0,-234,0,0,0,0
diarpiiiii,451,-238,0,0,689,0
pixieshit,0,-245,0,0,0,0
proandromeda,2787,-245,0,0,3032,0
Good_Extension_9642,0,-245,0,0,0,0
Crypto_Gaming_,0,-247,0,0,0,0
Americanstandard,324,-250,0,0,574,0
HAIKUuu,0,-250,0,0,183,0
SuperbCantaloupe1929,1279.95,-356,0,0,1575,60.95
abcoathup,2137,-417,0,0,2554,0
im_just_kidding_bruh,0,-632,0,0,326,0
PeacockMamba,0,-750,0,0,309,0
Technical-Track2663,0,-824,0,0,131,0
ImperialSoldiers,0,-963,0,0,138,0
Prestospin,0,0,0,0,0,0
DinoCoiner,956,0,0,0,956,0
nootropicat,10625.0,0,10625.0,0,0,0
