username,ban_date,community
WeirdWeazel,2024-11-21 13:20:28,ethtrader
Mundane-Farm-4117,2024-11-21 13:12:29,ethtrader
AgitatedDragonfly769,2024-11-11 12:51:44,ethtrader
clint_123,2024-11-10 12:58:29,ethtrader
VoiceTrue2197,2024-11-07 18:51:52,ethtrader
Aggravating-Quit4187,2024-11-07 12:23:37,ethtrader
AforAtul13,2024-11-07 12:23:30,ethtrader
weekedipie1,2024-11-07 12:23:11,ethtrader
Afraid-Leadership217,2024-11-07 12:23:03,ethtrader
Academic_Alps_3748,2024-11-07 12:22:49,ethtrader
Agreeable-Basket-144,2024-11-07 12:22:35,ethtrader
Accurate-Fault-4281,2024-11-07 12:22:28,ethtrader
Affectionate-Sky-488,2024-11-07 12:22:03,ethtrader
Resident_Blueberry_5,2024-11-03 17:25:16,ethtrader
Blazed_M31,2024-11-01 16:27:03,ethtrader
EstablishmentLow6719,2024-10-29 11:20:09,ethtrader
Emergency_Sun_1633,2024-10-29 11:20:01,ethtrader
Extra-Sprinkles364,2024-10-29 11:19:47,ethtrader
EuphoricRecording873,2024-10-29 11:19:40,ethtrader
Engon1,2024-10-29 11:19:28,ethtrader
BestAbbreviations515,2024-10-29 11:17:37,ethtrader
Big-Mammoth8974,2024-10-27 23:02:17,ethtrader
SecilEldek,2024-10-21 13:25:49,ethtrader
Major-Remove-7190,2024-10-20 16:55:07,ethtrader
Honey_-_Badger,2024-10-20 16:54:37,ethtrader
Narrow-Professor-126,2024-10-20 16:54:06,ethtrader
falk_lhoste,2024-10-20 16:53:12,ethtrader
Every_Hunt_160,2024-10-20 16:51:14,ethtrader
Fredzoor,2024-10-20 16:50:51,ethtrader
KIG45,2024-10-20 16:50:03,ethtrader
sadiq_238,2024-10-20 16:49:32,ethtrader
lordciders,2024-10-20 16:49:22,ethtrader
Downtown_Yam9137,2024-10-20 16:48:57,ethtrader
Sky-876,2024-10-20 16:48:36,ethtrader
Master-Score7344,2024-10-20 16:48:22,ethtrader
ArstotzkaHero,2024-10-20 16:45:47,ethtrader
defi_mama,2024-10-20 16:44:55,ethtrader
peppers_,2024-10-20 16:44:08,ethtrader
Murky-Statistician45,2024-10-20 16:43:06,ethtrader
madameXMR,2024-10-18 02:48:43,ethtrader
Adorable-Buddy5614,2024-10-18 02:48:19,ethtrader
CheekiTits,2024-10-17 16:31:04,ethtrader
Dry_Wolverine8271,2024-10-10 17:28:15,ethtrader
TABOOGEYMAN,2024-10-03 10:47:09,ethtrader
Mindimension,2024-10-03 10:38:36,ethtrader
goodupvote,2024-10-03 03:26:07,ethtrader
Odd_Ad8270,2024-09-29 16:10:01,ethtrader
Proper-Draw7836,2024-09-26 17:38:42,ethtrader
One_Woodpecker_2263,2024-09-26 17:37:55,ethtrader
ProfessionalAnt22,2024-09-26 17:37:40,ethtrader
Cl4d1o00,2024-09-20 11:51:25,ethtrader
trungvusc007,2024-09-20 11:51:08,ethtrader
No_Mechanic7564,2024-09-20 11:50:10,ethtrader
MurderByPeanuts,2024-09-20 11:49:11,ethtrader
alirehanbutt01,2024-09-20 11:49:01,ethtrader
Most-Ad695,2024-09-20 11:48:49,ethtrader
AlmostZombie2,2024-09-20 11:48:36,ethtrader
Effective-East-5712,2024-09-20 11:48:23,ethtrader
papakfritas,2024-09-20 11:48:13,ethtrader
Lumpy_Bath1976,2024-09-20 11:48:01,ethtrader
logskill,2024-09-20 11:36:04,ethtrader
be_u_staygd1246,2024-09-20 11:35:56,ethtrader
saustine52,2024-09-20 11:35:47,ethtrader
gravity2u,2024-09-20 11:35:35,ethtrader
Norisz667,2024-09-19 13:11:37,ethtrader
Delicious_Moment455,2024-09-15 22:46:26,ethtrader
Lost-Equipment2439,2024-09-15 14:09:04,ethtrader
sagilahav,2024-07-21 18:51:18,ethtrader
Perfect-Crew8289,2024-07-19 13:56:01,ethtrader
Next_Statement6145,2024-07-13 15:00:30,ethtrader
Remarkable_Ad_6043,2024-06-26 17:47:34,ethtrader
Ok-Ambassador-7889,2024-06-26 17:47:22,ethtrader
Rchakal,2024-06-26 17:47:10,ethtrader
Obvious-Swan-9257,2024-06-26 17:45:40,ethtrader
CeoLuckyLenny,2024-06-26 07:41:10,ethtrader
Realistic-Plant3957,2024-06-25 13:59:21,ethtrader
sweaty_nuggits__3971,2024-06-24 07:00:52,ethtrader
RogersPlaceBartender,2024-06-22 15:16:03,ethtrader
No_Fishing_7700,2024-06-18 14:29:03,ethtrader
No-Owl-6949,2024-06-17 20:29:29,ethtrader
DawgSquatch69,2024-06-15 13:12:18,ethtrader
Didactic_Advice_,2024-06-13 17:17:41,ethtrader
FundMyLaziness,2024-06-11 13:53:23,ethtrader
GrifasOfficial,2024-06-11 13:51:20,ethtrader
ProfessorCreative878,2024-06-09 16:38:08,ethtrader
Chief_is_here,2024-06-07 15:27:47,ethtrader
ParkingRazzmatazz648,2024-06-05 21:49:43,ethtrader
snowxx777,2024-06-02 14:39:08,ethtrader
krish510,2024-06-02 11:29:31,ethtrader
MasterTrolix,2024-05-31 19:41:44,ethtrader
Niloc0927,2024-05-31 19:41:23,ethtrader
OkLingonberry3458,2024-05-31 19:40:56,ethtrader
AnkitTiwariGadiWala,2024-05-30 17:05:59,ethtrader
Honest_Star1167,2024-05-30 14:31:01,ethtrader
PaperAntique9378,2024-05-30 13:23:17,ethtrader
mika_chancopy,2024-05-29 16:38:48,ethtrader
NZqlf,2024-05-29 16:37:55,ethtrader
Moon_Look,2024-05-29 16:37:35,ethtrader
Natural_Permission14,2024-05-29 16:37:21,ethtrader
Ok-Horror-4469,2024-05-29 16:37:06,ethtrader
Ok-Elephant2864,2024-05-29 16:36:54,ethtrader
gochsn,2024-05-29 16:36:43,ethtrader
Glass-Duty-2875,2024-05-29 16:36:04,ethtrader
Healthy-Tough1344,2024-05-29 13:17:01,ethtrader
Material_Carry_8402,2024-05-29 08:50:19,ethtrader
Little_Chipmunk_2489,2024-05-29 07:33:02,ethtrader
tarunyadav9761,2024-05-28 14:46:20,ethtrader
Noah_hdbll,2024-05-27 17:40:02,ethtrader
RedTomatoto,2024-05-27 17:39:25,ethtrader
Anymouse1882,2024-05-27 17:02:13,ethtrader
c_a_r_s_o,2024-05-25 00:12:29,ethtrader
Fuzzy_Score4889,2024-05-24 15:52:27,ethtrader
JamedWalker,2024-05-24 15:46:55,ethtrader
Accurate_Candle_4798,2024-05-24 00:49:36,ethtrader
greco-black-american,2024-05-23 14:25:15,ethtrader
Any-Try-8634,2024-05-23 14:07:20,ethtrader
Akshat_twr,2024-05-23 14:07:04,ethtrader
ApprehensiveShine768,2024-05-23 14:06:51,ethtrader
Alternative_Farm4526,2024-05-23 14:05:56,ethtrader
babamerzuk45,2024-05-23 14:05:40,ethtrader
b4d-ide4,2024-05-23 14:04:58,ethtrader
Ashvenger29,2024-05-23 14:04:08,ethtrader
wildtempura,2024-05-23 10:40:32,ethtrader
Alternative_Unit6897,2024-05-23 10:40:25,ethtrader
Agreeable-Bonus-302,2024-05-23 10:40:16,ethtrader
Neither_Medium9589,2024-05-22 19:48:53,ethtrader
Crazy-Attitude-7490,2024-05-22 18:25:03,ethtrader
Mahmutwlq,2024-05-22 17:15:51,ethtrader
ExaminationFew6424,2024-05-22 14:35:02,ethtrader
peskylittleb,2024-05-21 20:14:12,ethtrader
the_roost34,2024-05-21 15:17:16,ethtrader
CryptoForecast1,2024-05-21 14:44:33,ethtrader
Charles_Hefei,2024-05-21 14:28:44,ethtrader
SwingContent6806,2024-05-21 12:54:56,ethtrader
illbeback_69,2024-05-21 12:54:16,ethtrader
Agent_4--7,2024-05-21 12:53:59,ethtrader
Some-Example5185,2024-05-21 06:37:03,ethtrader
GreekGod0007,2024-05-19 18:52:10,ethtrader
Lokiee0077,2024-05-19 18:51:02,ethtrader
Sharp-Subject-047,2024-05-19 18:50:22,ethtrader
DrRobert0,2024-05-19 16:12:57,ethtrader
albert00009,2024-05-19 16:12:45,ethtrader
PROFITPROPHET,2024-05-18 19:28:00,ethtrader
plokm4,2024-05-18 19:26:23,ethtrader
beakedsqueaker,2024-05-18 13:26:52,ethtrader
RandomlyThem,2024-05-16 04:51:52,ethtrader
frMocha,2024-05-16 04:51:16,ethtrader
predaking95,2024-05-16 04:47:26,ethtrader
SimobiSirOP,2024-05-16 02:25:54,ethtrader
Ellen_DeGeneracy001,2024-05-16 00:53:35,ethtrader
No_Stress_3268,2024-05-15 21:13:50,ethtrader
Arabianhorseeth,2024-05-15 19:50:10,ethtrader
ItsBanda01,2024-05-15 13:37:50,ethtrader
Busy-Abalone-7035,2024-05-14 16:22:49,ethtrader
Onyxxo,2024-05-14 16:12:22,ethtrader
No-Detective-6340,2024-05-14 16:11:11,ethtrader
ContemplatingMeth_,2024-05-14 14:00:52,ethtrader
Curious_Apartment_88,2024-05-14 13:58:36,ethtrader
JoNwOrDy,2024-05-14 13:57:52,ethtrader
lebbadnurzzm,2024-05-14 13:56:57,ethtrader
actuatorsif5,2024-05-14 13:54:54,ethtrader
ChillCoyote,2024-05-14 13:53:11,ethtrader
PresentationOk120,2024-05-14 03:24:21,ethtrader
Material-Weird9208,2024-05-11 14:46:25,ethtrader
tugboathenry,2024-05-11 00:01:43,ethtrader
Y0ssiKohen,2024-05-09 19:20:30,ethtrader
ccetindogan,2024-05-09 19:20:13,ethtrader
secretsantathwy,2024-05-08 21:38:29,ethtrader
Renox97,2024-05-08 21:37:53,ethtrader
BornSelector,2024-05-07 21:27:40,ethtrader
TokenAcept,2024-05-07 21:22:59,ethtrader
NftMate,2024-05-07 21:22:34,ethtrader
GenZ-TheLastGen,2024-05-07 21:21:47,ethtrader
brentley2283,2024-05-07 21:20:29,ethtrader
Cesarvw,2024-05-07 21:19:58,ethtrader
MurkySide750,2024-05-07 13:28:42,ethtrader
oceandriveimages,2024-05-07 13:28:03,ethtrader
ElasticNet,2024-05-06 19:53:31,ethtrader
H3rrZ0ckt,2024-05-05 15:56:35,ethtrader
Big_Ad_7163,2024-05-05 12:54:01,ethtrader
boathouse_floats,2024-05-04 00:34:33,ethtrader
liting88,2024-05-02 16:19:27,ethtrader
parvashasan12,2024-05-01 12:50:21,ethtrader
ProfessionalWriting5,2024-04-30 13:45:37,ethtrader
Epixkiller9,2024-04-30 13:42:40,ethtrader
Ikaramashu,2024-04-30 01:36:17,ethtrader
RevoAgent,2024-04-28 14:48:18,ethtrader
DicoMG,2024-04-27 04:13:29,ethtrader
kccin,2024-04-23 12:55:39,ethtrader
delusional-tde,2024-04-22 13:22:36,ethtrader
Born_9995,2024-04-21 01:24:22,ethtrader
bdinu89,2024-04-16 15:08:49,ethtrader
SolidProceeding25,2024-04-08 16:57:51,ethtrader
annual_confiscation,2024-04-08 16:56:52,ethtrader
mango_sake,2024-04-08 10:05:31,ethtrader
Hate_ActiveAria,2024-04-07 04:37:08,ethtrader
bexlamroidyz,2024-04-05 00:56:51,ethtrader
guapmuffin,2024-04-02 12:49:13,ethtrader
Salma_Goddess,2024-03-29 02:32:52,ethtrader
pretentious_emo_name,2024-03-27 14:00:18,ethtrader
noh2024,2024-03-27 09:43:37,ethtrader
Featured_Bug,2024-03-26 23:18:29,ethtrader
WarriorNysty,2024-03-26 22:21:54,ethtrader
halfStrangle59,2024-03-26 12:57:42,ethtrader
Lilamacr,2024-03-26 02:20:50,ethtrader
OriginalPancake15,2024-03-26 01:24:29,ethtrader
Ted67701,2024-03-25 21:14:24,ethtrader
bitdex,2024-03-25 19:56:41,ethtrader
tzkek,2024-03-25 18:47:25,ethtrader
TheBadNamesWereTaken,2024-03-25 16:07:47,ethtrader
Longjumping_Sail_567,2024-03-22 18:51:33,ethtrader
CarryKind,2024-03-22 11:46:10,ethtrader
Several_Economy_9311,2024-03-22 01:47:11,ethtrader
Valuable_Shift_,2024-03-22 01:45:29,ethtrader
GrantMoody458,2024-03-22 01:34:41,ethtrader
eonesimoszsss,2024-03-22 01:30:06,ethtrader
whitecocofox,2024-03-22 01:22:36,ethtrader
gotmygat,2024-03-22 01:14:56,ethtrader
Leather_Mango1713,2024-03-22 01:14:22,ethtrader
kodymcbridge,2024-03-22 01:13:32,ethtrader
Round_Break7845,2024-03-22 01:03:37,ethtrader
ElectronicResource28,2024-03-22 00:46:45,ethtrader
NextAirDragon,2024-03-21 16:11:53,ethtrader
Repulsive-Minimum-20,2024-03-20 15:32:40,ethtrader
Ok-Employment-5313,2024-03-20 15:30:45,ethtrader
Hideous_Winner_,2024-03-18 06:55:30,ethtrader
Ok_Masterpiece_7991,2024-03-17 07:30:18,ethtrader
Over_Raspberry4601,2024-03-16 18:20:21,ethtrader
sararose88,2024-03-13 12:55:37,ethtrader
idnwhoiam,2024-03-07 19:19:18,ethtrader
Beginning-Amphibian6,2024-03-05 09:34:21,ethtrader
Artistic_Advisor_407,2024-02-29 06:20:55,ethtrader
Tool_Basic339,2024-02-15 15:02:25,ethtrader
stationfits,2024-02-15 08:11:35,ethtrader
InsideWaxing,2024-02-13 14:12:50,ethtrader
BlueLatenq,2024-02-02 15:53:26,ethtrader
Rupanj,2024-02-02 14:57:03,ethtrader
sippingthc,2024-01-30 14:45:38,ethtrader
YearninglyLabored,2024-01-29 09:58:19,ethtrader
csking009,2024-01-11 09:34:00,ethtrader
BigWar6,2024-01-04 21:49:07,ethtrader
Deadboylol734,2024-01-04 21:43:29,ethtrader
souadko,2024-01-04 14:58:35,ethtrader
Yinyangkarma060910,2024-01-04 14:38:16,ethtrader
Paper_cobbler,2024-01-04 14:38:04,ethtrader
aggressive_healer,2024-01-04 14:37:54,ethtrader
Soaring_Eagle590,2024-01-04 14:37:41,ethtrader
RelationshipNo8916,2024-01-04 14:37:28,ethtrader
Humble-Grape1012,2024-01-04 14:37:15,ethtrader
CryptoGaming,2024-01-04 14:36:58,ethtrader
OPTIMUS-PRIME27,2024-01-04 14:36:43,ethtrader
No-Elephant-Dies,2024-01-04 14:35:20,ethtrader
OkCod1016,2024-01-04 14:34:55,ethtrader
FlashyAd8082,2024-01-04 14:34:38,ethtrader
ParkingThanks3852,2024-01-03 09:21:51,ethtrader
pithilyStock,2023-12-25 12:47:58,ethtrader
passw123,2023-12-25 01:32:13,ethtrader
InevitableFixabl,2023-12-24 14:06:07,ethtrader
Defiant-Appearance98,2023-12-21 16:56:42,ethtrader
PublicSleeper,2023-12-21 05:10:33,ethtrader
annukyilongc,2023-12-20 22:35:57,ethtrader
biosbetoub,2023-12-20 22:35:47,ethtrader
SaussureaDefang51,2023-12-20 22:35:39,ethtrader
Mission_Vast_6814,2023-12-20 22:35:26,ethtrader
ColamentAddison86,2023-12-20 22:35:17,ethtrader
audreymolina,2023-12-20 22:35:06,ethtrader
annukyilongc,2023-12-20 16:35:57,ethtrader
biosbetoub,2023-12-20 16:35:47,ethtrader
SaussureaDefang51,2023-12-20 16:35:39,ethtrader
Mission_Vast_6814,2023-12-20 16:35:26,ethtrader
ColamentAddison86,2023-12-20 16:35:17,ethtrader
audreymolina,2023-12-20 16:35:06,ethtrader
Dannyc2021,2023-12-20 16:34:50,ethtrader
Beginning_Actuary_54,2023-12-20 10:48:23,ethtrader
VelvetVistaXO,2023-12-20 08:16:20,ethtrader
Confident-Syllabub60,2023-12-16 21:25:42,ethtrader
ResidentAny8152,2023-12-16 15:58:47,ethtrader
suoinguon,2023-12-15 17:17:40,ethtrader
LoveKarneWali,2023-12-15 17:00:41,ethtrader
EpisodicEthos304,2023-12-15 15:19:43,ethtrader
sell_at_top_nov2025,2023-12-15 15:17:35,ethtrader
Expensive_Mess_7954,2023-12-15 15:16:16,ethtrader
mjsout,2023-12-15 08:31:39,ethtrader
Select-Schedule-3152,2023-12-15 08:24:30,ethtrader
NecessaryPrior1042,2023-12-15 08:10:12,ethtrader
Due-Shirt-8695,2023-12-15 07:12:58,ethtrader
Lunareh,2023-12-15 03:07:05,ethtrader
flowers_at_dusk,2023-12-12 08:29:36,ethtrader
Iamyouandeveryonelse,2023-12-05 04:19:27,ethtrader
CHZBRGRRR,2023-11-22 09:07:47,ethtrader
jastineee,2023-11-22 09:04:01,ethtrader
yahiabaa797,2023-11-20 07:39:15,ethtrader
JimsonDoob,2023-11-17 04:57:38,ethtrader
Sizododayladyyu,2023-11-15 09:57:09,ethtrader
kelllzzz708,2023-11-15 05:11:47,ethtrader
Holystonemy,2023-11-14 15:47:09,ethtrader
Gold_Technology8661,2023-11-13 12:56:30,ethtrader
Icy-Elevator-1278,2023-11-10 06:39:39,ethtrader
SuccessfulTrick4909,2023-11-09 11:58:34,ethtrader
frighteningvos,2023-11-08 11:44:52,ethtrader
Sufficient-Bid-5716,2023-11-08 09:21:51,ethtrader
FitCash9484,2023-11-07 15:36:22,ethtrader
Long-Balance9518,2023-11-06 10:48:58,ethtrader
National-Payment-366,2023-11-06 07:09:47,ethtrader
stillbes241,2023-11-05 15:36:21,ethtrader
Streetsweepe,2023-11-05 09:16:50,ethtrader
Napjubu,2023-11-05 02:30:27,ethtrader
Discussionne,2023-11-03 08:10:13,ethtrader
Genevieve2313,2023-11-03 04:11:09,ethtrader
Sofa_King_Cooll,2023-11-02 15:01:04,ethtrader
Eatempathye,2023-11-02 06:19:06,ethtrader
Misspiggys-dimples,2023-10-31 18:07:26,ethtrader
Wild_Independence_82,2023-10-31 06:31:58,ethtrader
Jakovaseur,2023-10-29 10:51:11,ethtrader
poiseddexterity22,2023-10-29 03:14:12,ethtrader
Dredderbad,2023-10-28 10:48:37,ethtrader
DarksideOrbito,2023-10-28 06:23:46,ethtrader
frank_angel8,2023-10-28 02:59:54,ethtrader
colinberg,2023-10-27 11:01:05,ethtrader
AbleJemma,2023-10-26 13:29:09,ethtrader
thirsty_dollar23,2023-10-26 09:17:02,ethtrader
OsgoodElaine,2023-10-26 02:46:05,ethtrader
colegstark,2023-10-25 23:27:00,ethtrader
Kuroyukihime_98,2023-10-25 22:46:11,ethtrader
Socialistion,2023-10-25 21:43:25,ethtrader
LaylLorenzo,2023-10-25 20:39:43,ethtrader
Addison-Nickolas,2023-10-25 20:39:20,ethtrader
Sensualjayxo,2023-10-25 12:58:08,ethtrader
Brindale,2023-10-24 15:47:09,ethtrader
Garythesnailme,2023-10-24 03:03:42,ethtrader
LillianCummerataIII,2023-10-23 08:22:26,ethtrader
Sir_Shove,2023-10-22 10:15:06,ethtrader
Pawan429,2023-10-17 03:00:23,ethtrader
NorthConcept9836,2023-10-16 14:55:17,ethtrader
Routine_Hope4260,2023-10-14 20:20:46,ethtrader
FabulousInvestment32,2023-10-13 02:48:29,ethtrader
War_Hero,2023-10-05 12:31:54,ethtrader
raffaele2406,2023-10-05 06:24:52,ethtrader
noxious_cholera86,2023-10-05 04:51:05,ethtrader
GiveTJaDollar,2023-10-05 01:41:05,ethtrader
immanueldk92,2023-10-04 10:18:12,ethtrader
littlex-xbones,2023-10-04 05:35:34,ethtrader
CreamyMemeSupreme,2023-10-03 18:07:54,ethtrader
Zektorf,2023-10-03 12:48:30,ethtrader
JeffGoldblum64,2023-10-02 06:23:20,ethtrader
One_Phase_4851,2023-10-02 02:57:01,ethtrader
decenthousing33,2023-09-30 11:01:38,ethtrader
ProudInspecti,2023-09-30 10:58:36,ethtrader
Blake_AR,2023-09-30 10:58:15,ethtrader
ReasonableBondage,2023-09-30 10:58:01,ethtrader
Molly_AQ,2023-09-30 10:57:51,ethtrader
venerateds,2023-09-27 21:17:04,ethtrader
hartfa131,2023-09-27 13:38:15,ethtrader
davidahoffman,2023-09-26 03:25:12,ethtrader
TombMaster1,2023-09-23 10:32:32,ethtrader
Beginning_End,2023-09-19 20:25:33,ethtrader
howuprick,2023-09-18 15:42:10,ethtrader
Mother-Werewolf185,2023-09-17 05:54:43,ethtrader
Bhargav2508,2023-09-17 05:53:49,ethtrader
DJsalian,2023-09-17 05:50:02,ethtrader
Bigman_Varun,2023-09-16 23:05:46,ethtrader
Onex18,2023-09-16 14:19:00,ethtrader
PortlyBicycle,2023-09-16 14:18:50,ethtrader
Grace_ZO,2023-09-16 09:32:12,ethtrader
Lightoofmylife,2023-09-16 09:03:42,ethtrader
Historical-Ranger988,2023-09-15 12:18:27,ethtrader
MarieLoew,2023-09-14 19:59:50,ethtrader
radin_rxhani,2023-09-14 01:14:31,ethtrader
suzannsinem,2023-09-13 23:42:48,ethtrader
Pure-Negotiation503,2023-09-13 23:42:30,ethtrader
nazoemir,2023-09-13 23:42:19,ethtrader
Much_Cauliflower2491,2023-09-13 23:42:05,ethtrader
fuaterkanbeyaz,2023-09-13 23:41:52,ethtrader
nurdyy,2023-09-13 23:41:39,ethtrader
atfmlk0657,2023-09-13 23:41:29,ethtrader
Candid_Unit3140,2023-09-13 23:41:12,ethtrader
Gulben132,2023-09-13 23:40:59,ethtrader
Signal_Device_9037,2023-09-13 23:40:43,ethtrader
emirmutlutop,2023-09-13 23:40:31,ethtrader
No-Feed805,2023-09-13 23:40:17,ethtrader
ApprehensiveTart6099,2023-09-13 23:35:14,ethtrader
floppy256,2023-09-12 02:10:43,ethtrader
juyubage,2023-09-11 19:13:48,ethtrader
Dracos210,2023-09-11 17:18:53,ethtrader
WCXPE,2023-09-11 16:40:38,ethtrader
lapommepourrie,2023-09-10 10:10:40,ethtrader
AngryFish11,2023-09-08 21:23:30,ethtrader
YouYeehdYourLastHah,2023-09-07 18:56:52,ethtrader
anasmir96,2023-09-07 09:12:11,ethtrader
bottledrain,2023-09-07 02:04:33,ethtrader
jammyjammz,2023-09-06 21:53:03,ethtrader
Different_Arm4482,2023-09-06 15:54:34,ethtrader
Initial-Pen-8487,2023-09-06 15:53:37,ethtrader
saffie786,2023-09-06 15:53:02,ethtrader
Viceroy94,2023-09-05 11:57:20,ethtrader
antwoord_food,2023-09-05 06:43:34,ethtrader
AmaranthWaffle,2023-09-04 09:19:47,ethtrader
LeoNardo0406,2023-09-03 15:50:20,ethtrader
The_Errorest,2023-09-02 05:44:25,ethtrader
fuhmypuddy,2023-09-02 02:44:57,ethtrader
Vonselv,2023-09-01 19:37:24,ethtrader
wpeironnet,2023-09-01 08:10:35,ethtrader
HumanistChavez787,2023-09-01 08:02:56,ethtrader
qenep,2023-08-30 20:31:09,ethtrader
ekimgibbigmike,2023-08-30 18:46:54,ethtrader
PrSa223,2023-08-30 09:42:18,ethtrader
Sup_Guyz,2023-08-30 01:56:55,ethtrader
brastius35,2023-08-29 13:15:27,ethtrader
chocolate-turtles,2023-08-29 11:21:08,ethtrader
Oboener1,2023-08-28 10:12:24,ethtrader
blac_jesus,2023-08-22 05:30:43,ethtrader
JosephDavid_7,2023-08-21 02:09:57,ethtrader
benny4683,2023-08-20 16:03:22,ethtrader
Former_Appointment_,2023-08-20 08:41:12,ethtrader
byte_of_rope,2023-08-19 14:19:45,ethtrader
hill_mounty,2023-08-19 00:50:28,ethtrader
ninja_lemonade,2023-08-16 18:49:13,ethtrader
PowerfullyAbrupt,2023-08-11 21:17:49,ethtrader
JackkT89,2023-08-05 03:18:27,ethtrader
brummettdane03,2023-08-05 03:17:46,ethtrader
Akarsh_Blabbers,2023-08-02 23:26:08,ethtrader
Slow_Ad_4753,2023-08-02 01:26:06,ethtrader
NormaGrant,2023-08-02 01:25:50,ethtrader
Rampant_Attention_,2023-07-29 13:56:02,ethtrader
Manemoj,2023-07-26 04:34:36,ethtrader
KikoZenzen,2023-07-21 06:11:40,ethtrader
LeoDonBin,2023-07-18 05:37:38,ethtrader
UnwarilyEnter21,2023-07-16 07:00:15,ethtrader
Beardedstage,2023-07-15 06:37:09,ethtrader
Haydogzz,2023-07-04 17:43:33,ethtrader
Select_Snow9101,2023-07-03 23:59:02,ethtrader
Asleep-Carpet-7316,2023-07-03 23:58:10,ethtrader
SaplessDentine696,2023-07-03 23:56:37,ethtrader
astridefield,2023-07-03 23:56:21,ethtrader
Accomplished_Hat_148,2023-07-03 06:54:44,ethtrader
failurepermit,2023-07-03 04:56:03,ethtrader
Bubbly-Alternative62,2023-06-22 11:15:52,ethtrader
kira5z,2023-06-21 19:56:21,ethtrader
Ok-Reading-4271,2023-06-07 19:58:30,ethtrader
Cobby_Hoder,2023-06-07 04:38:22,ethtrader
0vdiz7uz2,2023-06-04 22:01:09,ethtrader
TangeloRadiant3688,2023-06-04 16:50:25,ethtrader
Aggravating_Vast,2023-06-04 16:50:06,ethtrader
hydropwrd,2023-06-04 16:47:33,ethtrader
torinakomara,2023-05-29 11:09:58,ethtrader
Understandings1133,2023-05-27 08:25:20,ethtrader
Leather-Skin-1330,2023-05-27 05:18:18,ethtrader
Ordinary_Ad4398,2023-05-24 06:35:44,ethtrader
CupDirect8141,2023-05-24 05:33:26,ethtrader
Odd_Book902,2023-05-24 05:11:10,ethtrader
b3n396,2023-05-24 05:11:00,ethtrader
TroubleEmotional2948,2023-05-24 05:05:15,ethtrader
Hairy-Horse7752,2023-05-24 04:59:31,ethtrader
Organic_Error_9983,2023-05-24 02:20:06,ethtrader
SoulfulJoesph6,2023-05-23 11:27:03,ethtrader
Possible_Zone6898,2023-05-23 06:45:48,ethtrader
Mediocre_Pickle_5566,2023-05-23 06:45:36,ethtrader
Wooden-Permission265,2023-05-23 04:21:22,ethtrader
Prior_Degree_3802,2023-05-23 04:21:14,ethtrader
Big-Chart-5586,2023-05-23 04:21:06,ethtrader
Upstairs_Living_3102,2023-05-22 22:10:42,ethtrader
NoTheory9475,2023-05-22 10:26:12,ethtrader
shreyaskg,2023-05-22 09:28:00,ethtrader
No_Pay_7176,2023-05-22 07:11:22,ethtrader
Unhappy-Ice939,2023-05-22 04:27:04,ethtrader
Livid_Hope_4886,2023-05-22 04:26:56,ethtrader
konok_ray,2023-05-20 17:20:51,ethtrader
robust_love5,2023-05-19 09:58:30,ethtrader
slipcovergl,2023-05-19 09:57:57,ethtrader
FlashyTimeTraveler,2023-05-19 09:57:49,ethtrader
tangent_maintenance,2023-05-18 06:52:44,ethtrader
Professional-Fee-898,2023-05-17 09:51:26,ethtrader
Ill_Kaleidoscope_154,2023-05-17 09:46:03,ethtrader
messy_crossroads45,2023-05-16 11:48:00,ethtrader
